actorListid,role,roleName,contentID,actorid
1,주연,김기택,1,1
2,조연,박동익,1,2
3,주연,프랭크 시런,2,3
4,조연,지미 호파,2,4
5,주연,일레븐,3,5
6,조연,마이크 휠러,3,6
7,주연,이창 왕세자,4,7
8,조연,서비,4,8
9,주연,니콜 바버,5,9
10,조연,찰리 바버,5,10
11,주연,요나스 칸발트,6,11
12,조연,마르타 닐젠,6,12
13,주연,클레오데가리아 구티에레스,7,13
14,조연,소피아,7,14
15,주연,파이퍼 채프먼,8,15
16,조연,칼 채프먼,8,16
17,주연,말로리 헤이스,9,17
18,조연,톰,9,18
19,주연,세르히오 마르키나,10,19
20,조연,도쿄,10,20
21,주연,타일러 레이크,11,21
22,조연,오비 마흐잔,11,22
23,주연,다프네 브리저튼,12,23
24,조연,사이먼 바셋,12,24
25,주연,톰 헤이든,13,25
26,조연,애비 호프만,13,26
27,주연,베스 하먼,14,27
28,조연,해리 벨틱,14,28
29,주연,엔올라 홈즈,15,29
30,조연,셜록 홈즈,15,30
